huge,no,sure
0.4286435838204526,0.40629085358766653,0.3492760642074977
0.22046659570449167,,0.09921181768442558
0.14924155436642378,,-0.7698140789614795
0.08215226825022992,,0.27658900131454256
