Architecture,Weight Type,Shape,Mean Var (dim 0),Mean Var (dim 1),Std Dev (dim 0),Std Dev (dim 1)
no,aggregated_x_weights,"(5, 2)",0.1899422013123298,0.13147640613837425,0.4318616558698983,0.36041848118268144
no,aggregated_y_weights,"(15, 2)",0.0,0.12920299260483353,0.0,0.3590975678207535
no,aggregated_y_weights,"(20, 2)",3.860903613370302e-29,0.06648176907291023,6.1098628082896436e-15,0.22837081953447796
sure,aggregated_x_weights,"(5, 2)",0.21590957709515715,0.1273593078147027,0.4646584815562165,0.356772312793228
sure,aggregated_y_weights,"(15, 2)",7.052383941681059e-31,0.16706392039665188,8.066330436255825e-16,0.4011461335895524
sure,aggregated_y_weights,"(20, 2)",7.617499578167324e-32,0.0002581489355100089,2.250316645348942e-16,0.01462934678519025
huge,aggregated_x_weights,"(5, 2)",0.20635768865521503,0.1552736409702785,0.4514994831937821,0.38174439993262665
huge,aggregated_y_weights,"(15, 2)",5.603138790760335e-32,0.06425401500899267,2.3596625608173784e-16,0.24509641864975373
